20250101,1월1일
20250127,임시공휴일
20250128,설날
20250129,설날
20250130,설날
20250301,삼일절
20250303,대체공휴일
20250505,부처님오신날
20250505,어린이날
20250506,대체공휴일
20250603,임시공휴일(제21대 대통령 선거)
20250606,현충일
20250815,광복절
20251003,개천절
20251005,추석
20251006,추석
20251007,추석
20251008,대체공휴일
20251009,한글날
20251225,기독탄신일
20260101,1월1일
20260216,설날
20260217,설날
20260218,설날
20260301,삼일절
20260302,대체공휴일(삼일절)
20260501,노동절
20260505,어린이날
20260524,부처님오신날
20260525,대체공휴일(부처님오신날)
20260603,전국동시지방선거
20260606,현충일
20260717,제헌절
20260815,광복절
20260817,대체공휴일(광복절)
20260924,추석
20260925,추석
20260926,추석
20261003,개천절
20261005,대체공휴일(개천절)
20261009,한글날
20261225,기독탄신일
20270101,1월1일
20270206,설날
20270207,설날
20270208,설날
20270209,대체공휴일(설날)
20270301,삼일절
20270501,노동절
20270503,대체공휴일(노동절)
20270505,어린이날
20270513,부처님오신날
20270606,현충일
20270717,제헌절
20270719,대체공휴일(제헌절)
20270815,광복절
20270816,대체공휴일(광복절)
20270914,추석
20270915,추석
20270916,추석
20271003,개천절
20271004,대체공휴일(개천절)
20271009,한글날
20271011,대체공휴일(한글날)
20271225,기독탄신일
20271227,대체공휴일(기독탄신일)
